sku,collection_date,title,category_name,list_price,current_price,available_count,avg_price_7d,avg_price_30d,day_over_day_change,day_over_day_change_pct,week_over_week_change,week_over_week_change_pct,category_price_rank,category_price_percentile,category_sku_count,discount_depth,category_median_price,premium_to_category_median,price_volatility_30d
e00eb4fd7b871a48,2026-08-11,Sharp Objects,Mystery,47.82,46.6,20,46.6,46.6,,,,,8,0.7742,32,0.0255,25.814999999999998,0.8052,
19ed25f4641d5efd,2026-08-11,"In a Dark, Dark Wood",Mystery,19.63,18.7,18,18.7,18.7,,,,,24,0.2581,32,0.0474,25.814999999999998,-0.2756,
5ee94540d0749ea0,2026-08-11,The Past Never Ends,Mystery,56.5,57.64,16,57.64,57.64,,,,,1,1.0,32,-0.0202,25.814999999999998,1.2328,
f733e8c19d40ec2e,2026-08-11,A Murder in Time,Mystery,16.64,16.6,16,16.6,16.6,,,,,27,0.1613,32,0.0024,25.814999999999998,-0.357,
c7b5183f4d1d4efe,2026-08-11,The Murder of Roger Ackroyd (Hercule Poirot #4),Mystery,44.1,44.0,15,44.0,44.0,,,,,10,0.7097,32,0.0023,25.814999999999998,0.7044,
3bc89353f7e3a3cc,2026-08-11,The Last Mile (Amos Decker #2),Mystery,54.21,51.96,14,51.96,51.96,,,,,7,0.8065,32,0.0415,25.814999999999998,1.0128,
0c7b9cf2b7662b65,2026-08-11,That Darkness (Gardiner and Renner #1),Mystery,13.92,13.68,14,13.68,13.68,,,,,28,0.129,32,0.0172,25.814999999999998,-0.4701,
2d1e337aaf341858,2026-08-11,Tastes Like Fear (DI Marnie Rome #3),Mystery,10.69,11.14,14,11.14,11.14,,,,,32,0.0,32,-0.0421,25.814999999999998,-0.5685,
4416c474713ec1f5,2026-08-11,A Time of Torment (Charlie Parker #14),Mystery,48.35,46.06,14,46.06,46.06,,,,,9,0.7419,32,0.0474,25.814999999999998,0.7842,
63ee5bc46066a8a8,2026-08-11,A Study in Scarlet (Sherlock Holmes #1),Mystery,16.73,16.78,14,16.78,16.78,,,,,25,0.2258,32,-0.003,25.814999999999998,-0.35,
abdd91e96515a617,2026-08-11,Poisonous (Max Revere Novels #3),Mystery,26.8,26.79,12,26.79,26.79,,,,,15,0.5484,32,0.0004,25.814999999999998,0.0378,
e7fe3bf2768602cf,2026-08-11,Murder at the 42nd Street Library (Raymond Ambler #1),Mystery,54.36,54.51,12,54.51,54.51,,,,,5,0.871,32,-0.0028,25.814999999999998,1.1116,
c039f5aceb093537,2026-08-11,Most Wanted,Mystery,35.28,35.36,12,35.36,35.36,,,,,13,0.6129,32,-0.0023,25.814999999999998,0.3697,
bddc6fd036eb6279,2026-08-11,Hide Away (Eve Duncan #20),Mystery,11.84,12.08,12,12.08,12.08,,,,,30,0.0645,32,-0.0203,25.814999999999998,-0.5321,
49b24c6a41b82bd2,2026-08-11,Boar Island (Anna Pigeon #19),Mystery,59.48,57.09,12,57.09,57.09,,,,,2,0.9677,32,0.0402,25.814999999999998,1.2115,
6159d8b187831770,2026-08-11,The Widow,Mystery,27.26,26.82,11,26.82,26.82,,,,,14,0.5806,32,0.0161,25.814999999999998,0.0389,
05a61a3bd8ca4149,2026-08-11,Playing with Fire,Mystery,13.71,13.05,11,13.05,13.05,,,,,29,0.0968,32,0.0481,25.814999999999998,-0.4945,
9735c969c652dd89,2026-08-11,What Happened on Beale Street (Secrets of the South Mysteries #2),Mystery,25.37,26.3,7,26.3,26.3,,,,,16,0.5161,32,-0.0367,25.814999999999998,0.0188,
20789fb17b423c4c,2026-08-11,The Bachelor Girl's Guide to Murder (Herringford and Watts Mysteries #1),Mystery,52.3,54.36,7,54.36,54.36,,,,,6,0.8387,32,-0.0394,25.814999999999998,1.1058,
4e980425468708da,2026-08-11,Delivering the Truth (Quaker Midwife Mystery #1),Mystery,20.89,21.21,7,21.21,21.21,,,,,21,0.3548,32,-0.0153,25.814999999999998,-0.1784,
2da5edf8b5776c9a,2026-08-11,The Mysterious Affair at Styles (Hercule Poirot #1),Mystery,24.8,25.33,6,25.33,25.33,,,,,17,0.4839,32,-0.0214,25.814999999999998,-0.0188,
6958de044cb28a84,2026-08-11,In the Woods (Dublin Murder Squad #1),Mystery,38.38,37.53,6,37.53,37.53,,,,,12,0.6452,32,0.0221,25.814999999999998,0.4538,
f06039c29b5891fa,2026-08-11,The Silkworm (Cormoran Strike #2),Mystery,23.05,23.87,3,23.87,23.87,,,,,20,0.3871,32,-0.0356,25.814999999999998,-0.0753,
dd003e904727281a,2026-08-11,The Exiled,Mystery,43.45,43.23,3,43.23,43.23,,,,,11,0.6774,32,0.0051,25.814999999999998,0.6746,
1be6d3b121865edb,2026-08-11,The Cuckoo's Calling (Cormoran Strike #1),Mystery,19.21,19.32,3,19.32,19.32,,,,,23,0.2903,32,-0.0057,25.814999999999998,-0.2516,
588ba85ff11a3263,2026-08-11,Extreme Prey (Lucas Davenport #26),Mystery,25.4,23.91,3,23.91,23.91,,,,,19,0.4194,32,0.0587,25.814999999999998,-0.0738,
b461cf238506c5b8,2026-08-11,Career of Evil (Cormoran Strike #3),Mystery,24.72,25.02,3,25.02,25.02,,,,,18,0.4516,32,-0.0121,25.814999999999998,-0.0308,
b0913e67d38d5ed5,2026-08-11,The No. 1 Ladies' Detective Agency (No. 1 Ladies' Detective Agency #1),Mystery,57.7,55.59,1,55.59,55.59,,,,,4,0.9032,32,0.0366,25.814999999999998,1.1534,
4280ac3eab57aa5d,2026-08-11,The Girl You Lost,Mystery,12.29,11.94,1,11.94,11.94,,,,,31,0.0323,32,0.0285,25.814999999999998,-0.5375,
ee61197edb882599,2026-08-11,The Girl In The Ice (DCI Erika Foster #1),Mystery,15.85,16.66,1,16.66,16.66,,,,,26,0.1935,32,-0.0511,25.814999999999998,-0.3546,
95cdfd514098c38b,2026-08-11,Blood Defense (Samantha Brinkman #1),Mystery,20.3,20.74,1,20.74,20.74,,,,,22,0.3226,32,-0.0217,25.814999999999998,-0.1966,
f684a82adc49f011,2026-08-11,1st to Die (Women's Murder Club #1),Mystery,53.98,55.88,1,55.88,55.88,,,,,3,0.9355,32,-0.0352,25.814999999999998,1.1646,
90fa61229261140a,2026-08-11,Tipping the Velvet,Historical Fiction,53.74,55.67,20,55.67,55.67,,,,,2,0.96,26,-0.0359,30.29,0.8379,
9beb96a2300109d7,2026-08-11,Forever and Forever: The Courtship of Henry Longfellow and Fanny Appleton,Historical Fiction,29.69,28.99,16,28.99,28.99,,,,,16,0.4,26,0.0236,30.29,-0.0429,
3a6fb983e2554023,2026-08-11,A Flight of Arrows (The Pathfinders #2),Historical Fiction,55.53,56.38,16,56.38,56.38,,,,,1,1.0,26,-0.0153,30.29,0.8613,
9287e238d7c3b06e,2026-08-11,The House by the Lake,Historical Fiction,36.95,36.2,15,36.2,36.2,,,,,10,0.64,26,0.0203,30.29,0.1951,
a40723994f715420,2026-08-11,Mrs. Houdini,Historical Fiction,30.25,29.16,15,29.16,29.16,,,,,15,0.44,26,0.036,30.29,-0.0373,
52cf2a5933ec5d8f,2026-08-11,The Marriage of Opposites,Historical Fiction,28.08,27.27,14,27.27,27.27,,,,,17,0.36,26,0.0288,30.29,-0.0997,
de4b403cb629a29f,2026-08-11,Glory over Everything: Beyond The Kitchen House,Historical Fiction,45.84,43.08,14,43.08,43.08,,,,,6,0.8,26,0.0602,30.29,0.4223,
9546d537fbf99eb6,2026-08-11,"Love, Lies and Spies",Historical Fiction,20.55,19.45,12,19.45,19.45,,,,,23,0.12,26,0.0535,30.29,-0.3579,
63343e287971bb0c,2026-08-11,A Paris Apartment,Historical Fiction,39.01,37.25,12,37.25,37.25,,,,,9,0.68,26,0.0451,30.29,0.2298,
bade9943ee01b63f,2026-08-11,Lilac Girls,Historical Fiction,17.28,15.91,11,15.91,15.91,,,,,26,0.0,26,0.0793,30.29,-0.4747,
24933c712f0bca2f,2026-08-11,The Constant Princess (The Tudor Court #1),Historical Fiction,16.62,17.41,7,17.41,17.41,,,,,24,0.08,26,-0.0475,30.29,-0.4252,
e6635f5b0a2c78db,2026-08-11,The Invention of Wings,Historical Fiction,37.34,38.18,6,38.18,38.18,,,,,8,0.72,26,-0.0225,30.29,0.2605,
2e5b4ff08a75fd02,2026-08-11,World Without End (The Pillars of the Earth #2),Historical Fiction,32.97,30.81,5,30.81,30.81,,,,,13,0.52,26,0.0655,30.29,0.0172,
011674f4a3834b8d,2026-08-11,The Passion of Dolssa,Historical Fiction,28.32,29.77,4,29.77,29.77,,,,,14,0.48,26,-0.0512,30.29,-0.0172,
5eff05e59f905a49,2026-08-11,Girl With a Pearl Earring,Historical Fiction,26.77,26.75,4,26.75,26.75,,,,,20,0.24,26,0.0007,30.29,-0.1169,
7feac4000cbc5859,2026-08-11,Voyager (Outlander #3),Historical Fiction,21.07,20.9,3,20.9,20.9,,,,,21,0.2,26,0.0081,30.29,-0.31,
3c456328b04a8ee8,2026-08-11,The Red Tent,Historical Fiction,35.66,36.19,3,36.19,36.19,,,,,11,0.6,26,-0.0149,30.29,0.1948,
476c7972e9b41891,2026-08-11,The Last Painting of Sara de Vos,Historical Fiction,55.55,54.83,3,54.83,54.83,,,,,3,0.92,26,0.013,30.29,0.8102,
4a0a276409968a73,2026-08-11,The Guernsey Literary and Potato Peel Pie Society,Historical Fiction,49.53,49.42,3,49.42,49.42,,,,,4,0.88,26,0.0022,30.29,0.6316,
41fc5dce044f16f5,2026-08-11,Girl in the Blue Coat,Historical Fiction,46.83,48.8,3,48.8,48.8,,,,,5,0.84,26,-0.0421,30.29,0.6111,
155e42df837ee5ff,2026-08-11,Between Shades of Gray,Historical Fiction,20.79,20.22,3,20.22,20.22,,,,,22,0.16,26,0.0274,30.29,-0.3325,
8ceb5c6aed2c5f8b,2026-08-11,While You Were Mine,Historical Fiction,41.32,42.79,1,42.79,42.79,,,,,7,0.76,26,-0.0356,30.29,0.4127,
38f776ab9118aed7,2026-08-11,The Secret Healer,Historical Fiction,34.56,33.74,1,33.74,33.74,,,,,12,0.56,26,0.0237,30.29,0.1139,
e25164e5b3fe208b,2026-08-11,Starlark,Historical Fiction,25.83,27.15,1,27.15,27.15,,,,,18,0.32,26,-0.0511,30.29,-0.1037,
d510567580c8be52,2026-08-11,Lost Among the Living,Historical Fiction,27.7,27.07,1,27.07,27.07,,,,,19,0.28,26,0.0227,30.29,-0.1063,
19fec36a1dfb4c16,2026-08-11,A Spy's Devotion (The Regency Spies of London #1),Historical Fiction,16.97,16.49,1,16.49,16.49,,,,,25,0.04,26,0.0283,30.29,-0.4556,
3b1c02bac2a429e6,2026-08-11,Scott Pilgrim's Precious Little Life (Scott Pilgrim #1),Sequential Art,52.29,50.89,19,50.89,50.89,,,,,12,0.8514,75,0.0268,35.54,0.4319,
09555be379ad9253,2026-08-11,Tsubasa: WoRLD CHRoNiCLE 2 (Tsubasa WoRLD CHRoNiCLE #2),Sequential Art,16.28,16.19,16,16.19,16.19,,,,,64,0.1486,75,0.0055,35.54,-0.5445,
51653ef291ab7ddc,2026-08-11,This One Summer,Sequential Art,19.49,19.44,16,19.44,19.44,,,,,57,0.2432,75,0.0026,35.54,-0.453,
7d385d34d12e60ff,2026-08-11,The Nameless City (The Nameless City #1),Sequential Art,38.16,39.4,16,39.4,39.4,,,,,28,0.6351,75,-0.0325,35.54,0.1086,
53a3d11bb568cc8b,2026-08-11,"Saga, Volume 5 (Saga (Collected Editions) #5)",Sequential Art,51.04,53.66,16,53.66,53.66,,,,,7,0.9189,75,-0.0513,35.54,0.5098,
c82a3e358c773c73,2026-08-11,"Rat Queens, Vol. 3: Demons (Rat Queens (Collected Editions) #11-15)",Sequential Art,50.4,47.84,16,47.84,47.84,,,,,18,0.7703,75,0.0508,35.54,0.3461,
0fa6dceead7ce47a,2026-08-11,"Princess Jellyfish 2-in-1 Omnibus, Vol. 01 (Princess Jellyfish 2-in-1 Omnibus #1)",Sequential Art,13.61,13.42,16,13.42,13.42,,,,,69,0.0811,75,0.014,35.54,-0.6224,
e80f8e518b300dfe,2026-08-11,"Pop Gun War, Volume 1: Gift",Sequential Art,18.97,18.82,16,18.82,18.82,,,,,59,0.2162,75,0.0079,35.54,-0.4705,
9429b4d59c537af5,2026-08-11,Patience,Sequential Art,10.16,10.57,16,10.57,10.57,,,,,75,0.0,75,-0.0404,35.54,-0.7026,
889139b8e9c4cb36,2026-08-11,"Outcast, Vol. 1: A Darkness Surrounds Him (Outcast #1)",Sequential Art,15.44,15.54,16,15.54,15.54,,,,,65,0.1351,75,-0.0065,35.54,-0.5627,
11809b1d323b3057,2026-08-11,orange: The Complete Collection 1 (orange: The Complete Collection #1),Sequential Art,48.41,47.45,16,47.45,47.45,,,,,19,0.7568,75,0.0198,35.54,0.3351,
460089f796fb3f82,2026-08-11,"Lumberjanes, Vol. 2: Friendship to the Max (Lumberjanes #5-8)",Sequential Art,46.91,47.09,16,47.09,47.09,,,,,20,0.7432,75,-0.0038,35.54,0.325,
b6ee99bcf06fc91f,2026-08-11,"Lumberjanes, Vol. 1: Beware the Kitten Holy (Lumberjanes #1-4)",Sequential Art,45.61,45.17,16,45.17,45.17,,,,,23,0.7027,75,0.0096,35.54,0.271,
57e5a4d515c8ce44,2026-08-11,Lumberjanes Vol. 3: A Terrible Plan (Lumberjanes #9-12),Sequential Art,19.92,19.23,16,19.23,19.23,,,,,58,0.2297,75,0.0346,35.54,-0.4589,
8d4eefad7a2b3915,2026-08-11,"I Hate Fairyland, Vol. 1: Madly Ever After (I Hate Fairyland (Compilations) #1-5)",Sequential Art,29.17,30.67,16,30.67,30.67,,,,,47,0.3784,75,-0.0514,35.54,-0.137,
1c89ae5bb804e4de,2026-08-11,I am a Hero Omnibus Volume 1,Sequential Art,54.63,54.61,16,54.61,54.61,,,,,5,0.9459,75,0.0004,35.54,0.5366,
f2df3bb043a8abb0,2026-08-11,"Giant Days, Vol. 2 (Giant Days #5-8)",Sequential Art,22.11,21.75,16,21.75,21.75,,,,,55,0.2703,75,0.0163,35.54,-0.388,
09b6cc87e62c2c58,2026-08-11,Danganronpa Volume 1,Sequential Art,51.99,54.3,16,54.3,54.3,,,,,6,0.9324,75,-0.0444,35.54,0.5279,
8754c83ab2a7ae71,2026-08-11,"Codename Baboushka, Volume 1: The Conclave of Death",Sequential Art,36.72,35.45,16,35.45,35.45,,,,,39,0.4865,75,0.0346,35.54,-0.0025,
7b599c8bfcdd8d30,2026-08-11,Camp Midnight,Sequential Art,17.08,17.76,16,17.76,17.76,,,,,62,0.1757,75,-0.0398,35.54,-0.5003,
bdf415fd484ea8a7,2026-08-11,"Bitch Planet, Vol. 1: Extraordinary Machine (Bitch Planet (Collected Editions))",Sequential Art,37.92,38.9,16,38.9,38.9,,,,,31,0.5946,75,-0.0258,35.54,0.0945,
d6361d16212664ed,2026-08-11,The Shadow Hero (The Shadow Hero),Sequential Art,33.14,32.74,15,32.74,32.74,,,,,43,0.4324,75,0.0121,35.54,-0.0788,
65d034adf80834b7,2026-08-11,"Fables, Vol. 1: Legends in Exile (Fables #1)",Sequential Art,41.62,41.62,15,41.62,41.62,,,,,26,0.6622,75,0.0,35.54,0.1711,
7edc0527cf782e19,2026-08-11,Batman: The Long Halloween (Batman),Sequential Art,36.5,34.36,15,34.36,34.36,,,,,41,0.4595,75,0.0586,35.54,-0.0332,
47271d8e08b5d31c,2026-08-11,Batman: The Dark Knight Returns (Batman),Sequential Art,15.38,15.35,15,15.35,15.35,,,,,66,0.1216,75,0.002,35.54,-0.5681,
047097293bb4d1c0,2026-08-11,"Wonder Woman: Earth One, Volume One (Wonder Woman: Earth One #1)",Sequential Art,37.34,37.72,14,37.72,37.72,,,,,35,0.5405,75,-0.0102,35.54,0.0613,
92275cedf6d8ee15,2026-08-11,"We Are Robin, Vol. 1: The Vigilante Business (We Are Robin #1)",Sequential Art,53.9,49.83,14,49.83,49.83,,,,,14,0.8243,75,0.0755,35.54,0.4021,
6e44bcbeac7f4360,2026-08-11,Through the Woods,Sequential Art,25.38,25.8,14,25.8,25.8,,,,,51,0.3243,75,-0.0165,35.54,-0.2741,
ac8e3949d284e9a9,2026-08-11,Superman Vol. 1: Before Truth (Superman by Gene Luen Yang #1),Sequential Art,11.89,12.28,14,12.28,12.28,,,,,70,0.0676,75,-0.0328,35.54,-0.6545,
394f6d30cafc3edb,2026-08-11,"So Cute It Hurts!!, Vol. 6 (So Cute It Hurts!! #6)",Sequential Art,35.43,34.51,14,34.51,34.51,,,,,40,0.473,75,0.026,35.54,-0.029,
85b2176b3b194030,2026-08-11,Robin War,Sequential Art,47.82,46.09,14,46.09,46.09,,,,,22,0.7162,75,0.0362,35.54,0.2968,
31e2e2d9cca3778f,2026-08-11,"Red Hood/Arsenal, Vol. 1: Open for Business (Red Hood/Arsenal #1)",Sequential Art,25.48,25.19,14,25.19,25.19,,,,,52,0.3108,75,0.0114,35.54,-0.2912,
71e36f33981ddb74,2026-08-11,"Naruto (3-in-1 Edition), Vol. 14: Includes Vols. 40, 41 & 42 (Naruto: Omnibus #14)",Sequential Art,38.39,37.39,14,37.39,37.39,,,,,36,0.527,75,0.026,35.54,0.0521,
a10c7515834240f3,2026-08-11,Lowriders to the Center of the Earth (Lowriders in Space #2),Sequential Art,51.51,52.15,14,52.15,52.15,,,,,10,0.8784,75,-0.0124,35.54,0.4674,
27c5968fe43cc06e,2026-08-11,El Deafo,Sequential Art,57.62,54.62,14,54.62,54.62,,,,,4,0.9595,75,0.0521,35.54,0.5369,
bf68dcb5fad3cc8c,2026-08-11,Batman: Europa,Sequential Art,32.01,29.69,14,29.69,29.69,,,,,48,0.3649,75,0.0725,35.54,-0.1646,
ffdc825785c0ede8,2026-08-11,Art Ops Vol. 1,Sequential Art,48.8,50.63,14,50.63,50.63,,,,,13,0.8378,75,-0.0375,35.54,0.4246,
5319169a72714c62,2026-08-11,"Adulthood Is a Myth: A ""Sarah's Scribbles"" Collection",Sequential Art,10.9,10.84,14,10.84,10.84,,,,,73,0.027,75,0.0055,35.54,-0.695,
97187f5cf0385da3,2026-08-11,"Fruits Basket, Vol. 9 (Fruits Basket #9)",Sequential Art,33.95,32.9,9,32.9,32.9,,,,,42,0.4459,75,0.0309,35.54,-0.0743,
aeb51dfbe8aeec59,2026-08-11,Roller Girl,Sequential Art,14.1,13.46,8,13.46,13.46,,,,,68,0.0946,75,0.0454,35.54,-0.6213,
de6d7645f192d517,2026-08-11,"Fruits Basket, Vol. 7 (Fruits Basket #7)",Sequential Art,19.57,18.71,7,18.71,18.71,,,,,60,0.2027,75,0.0439,35.54,-0.4736,
97258f576d4bb672,2026-08-11,"Fruits Basket, Vol. 6 (Fruits Basket #6)",Sequential Art,20.96,21.01,6,21.01,21.01,,,,,56,0.2568,75,-0.0024,35.54,-0.4088,
6e06d0f00f6da20f,2026-08-11,"Death Note, Vol. 6: Give-and-Take (Death Note #6)",Sequential Art,36.39,37.75,6,37.75,37.75,,,,,34,0.5541,75,-0.0374,35.54,0.0622,
3fd83dcf37bf1bc0,2026-08-11,"Fruits Basket, Vol. 5 (Fruits Basket #5)",Sequential Art,16.33,17.17,5,17.17,17.17,,,,,63,0.1622,75,-0.0514,35.54,-0.5169,
1c0a38899c82b60a,2026-08-11,"Death Note, Vol. 5: Whiteout (Death Note #5)",Sequential Art,52.41,48.11,5,48.11,48.11,,,,,17,0.7838,75,0.082,35.54,0.3537,
df53c2948b32bde3,2026-08-11,"The Demon Prince of Momochi House, Vol. 4 (The Demon Prince of Momochi House #4)",Sequential Art,27.88,26.35,4,26.35,26.35,,,,,50,0.3378,75,0.0549,35.54,-0.2586,
8fff1084aa085a13,2026-08-11,"Fruits Basket, Vol. 4 (Fruits Basket #4)",Sequential Art,50.44,51.43,4,51.43,51.43,,,,,11,0.8649,75,-0.0196,35.54,0.4471,
a33ed2e6068df53e,2026-08-11,"The Wicked + The Divine, Vol. 3: Commercial Suicide (The Wicked + The Divine)",Sequential Art,14.41,13.51,3,13.51,13.51,,,,,67,0.1081,75,0.0625,35.54,-0.6199,
91eb9605998a7c03,2026-08-11,"The Sandman, Vol. 3: Dream Country (The Sandman (volumes) #3)",Sequential Art,55.55,55.51,3,55.51,55.51,,,,,1,1.0,75,0.0007,35.54,0.5619,
7b870bf85d01c2dc,2026-08-11,"Saga, Volume 3 (Saga (Collected Editions) #3)",Sequential Art,21.57,22.23,3,22.23,22.23,,,,,53,0.2973,75,-0.0306,35.54,-0.3745,
9707989a439757b4,2026-08-11,Prodigy: The Graphic Novel (Legend: The Graphic Novel #2),Sequential Art,43.63,41.25,3,41.25,41.25,,,,,27,0.6486,75,0.0545,35.54,0.1607,
cb62418129b864a3,2026-08-11,Persepolis: The Story of a Childhood (Persepolis #1-2),Sequential Art,39.13,38.75,3,38.75,38.75,,,,,33,0.5676,75,0.0097,35.54,0.0903,
c59283b05905c853,2026-08-11,Original Fake,Sequential Art,31.45,32.18,3,32.18,32.18,,,,,45,0.4054,75,-0.0232,35.54,-0.0945,
4f6985aca357ae09,2026-08-11,"Grayson, Vol 3: Nemesis (Grayson #3)",Sequential Art,42.72,41.98,3,41.98,41.98,,,,,25,0.6757,75,0.0173,35.54,0.1812,
d5f5a122a593b580,2026-08-11,"Fruits Basket, Vol. 3 (Fruits Basket #3)",Sequential Art,45.17,43.91,3,43.91,43.91,,,,,24,0.6892,75,0.0279,35.54,0.2355,
15f415d436888b2d,2026-08-11,"Black Butler, Vol. 1 (Black Butler #1)",Sequential Art,49.31,48.16,3,48.16,48.16,,,,,16,0.7973,75,0.0233,35.54,0.3551,
1d89a2aa9f6ce50f,2026-08-11,Awkward,Sequential Art,38.02,37.19,3,37.19,37.19,,,,,37,0.5135,75,0.0218,35.54,0.0464,
276dc716b1da8899,2026-08-11,"The Sandman, Vol. 2: The Doll's House (The Sandman (volumes) #2)",Sequential Art,54.81,52.85,2,52.85,52.85,,,,,9,0.8919,75,0.0358,35.54,0.4871,
9189fd009df41d0e,2026-08-11,"Saga, Volume 2 (Saga (Collected Editions) #2)",Sequential Art,11.75,11.46,2,11.46,11.46,,,,,72,0.0405,75,0.0247,35.54,-0.6775,
c0db71f6bb14db11,2026-08-11,"Fruits Basket, Vol. 2 (Fruits Basket #2)",Sequential Art,11.64,11.63,2,11.63,11.63,,,,,71,0.0541,75,0.0009,35.54,-0.6728,
09d26b5f819c6a36,2026-08-11,"Y: The Last Man, Vol. 1: Unmanned (Y: The Last Man #1)",Sequential Art,18.51,18.68,1,18.68,18.68,,,,,61,0.1892,75,-0.0092,35.54,-0.4744,
dac9d1e654fac737,2026-08-11,"The Wicked + The Divine, Vol. 1: The Faust Act (The Wicked + The Divine)",Sequential Art,36.52,35.54,1,35.54,35.54,,,,,38,0.5,75,0.0268,35.54,0.0,
5faefdc861684eb1,2026-08-11,"The Sandman, Vol. 1: Preludes and Nocturnes (The Sandman (volumes) #1)",Sequential Art,54.12,55.41,1,55.41,55.41,,,,,2,0.9865,75,-0.0238,35.54,0.5591,
3301af038a720587,2026-08-11,The Complete Maus (Maus #1-2),Sequential Art,10.64,10.76,1,10.76,10.76,,,,,74,0.0135,75,-0.0113,35.54,-0.6972,
2ac720f76384c57e,2026-08-11,"Skip Beat!, Vol. 01 (Skip Beat! #1)",Sequential Art,42.12,39.23,1,39.23,39.23,,,,,29,0.6216,75,0.0686,35.54,0.1038,
4f64568dfefa3ce7,2026-08-11,"Saga, Volume 1 (Saga (Collected Editions) #1)",Sequential Art,28.48,28.29,1,28.29,28.29,,,,,49,0.3514,75,0.0067,35.54,-0.204,
3cdca3b4a93980f5,2026-08-11,"Rat Queens, Vol. 1: Sass & Sorcery (Rat Queens (Collected Editions) #1-5)",Sequential Art,46.96,48.6,1,48.6,48.6,,,,,15,0.8108,75,-0.0349,35.54,0.3675,
bcbcbcf0f6ed196f,2026-08-11,"Paper Girls, Vol. 1 (Paper Girls #1-5)",Sequential Art,21.71,21.78,1,21.78,21.78,,,,,54,0.2838,75,-0.0032,35.54,-0.3872,
326825e02a198cf6,2026-08-11,"Ouran High School Host Club, Vol. 1 (Ouran High School Host Club #1)",Sequential Art,29.87,31.03,1,31.03,31.03,,,,,46,0.3919,75,-0.0388,35.54,-0.1269,
35a60467893aa168,2026-08-11,"Ms. Marvel, Vol. 1: No Normal (Ms. Marvel (2014-2015) #1)",Sequential Art,39.39,38.96,1,38.96,38.96,,,,,30,0.6081,75,0.0109,35.54,0.0962,
6fe02600f322a0a9,2026-08-11,"Hawkeye, Vol. 1: My Life as a Weapon (Hawkeye #1)",Sequential Art,45.24,46.16,1,46.16,46.16,,,,,21,0.7297,75,-0.0203,35.54,0.2988,
eb0fe24bbc845ecc,2026-08-11,"Giant Days, Vol. 1 (Giant Days #1-4)",Sequential Art,56.76,55.1,1,55.1,55.1,,,,,3,0.973,75,0.0292,35.54,0.5504,
72e6fbf4f6382557,2026-08-11,"Fruits Basket, Vol. 1 (Fruits Basket #1)",Sequential Art,40.28,38.77,1,38.77,38.77,,,,,32,0.5811,75,0.0375,35.54,0.0909,
099fae4a0705d63b,2026-08-11,"Bleach, Vol. 1: Strawberry and the Soul Reapers (Bleach #1)",Sequential Art,34.65,32.55,1,32.55,32.55,,,,,44,0.4189,75,0.0606,35.54,-0.0841,
bfd5e1701c862ac3,2026-08-11,"Ajin: Demi-Human, Volume 1 (Ajin: Demi-Human #1)",Sequential Art,57.06,53.43,1,53.43,53.43,,,,,8,0.9054,75,0.0636,35.54,0.5034,
6957f44c3847a760,2026-08-11,Soumission,Fiction,50.1,52.14,20,52.14,52.14,,,,,12,0.8281,65,-0.0407,37.7,0.383,
b12b89017878a60d,2026-08-11,Private Paris (Private #10),Fiction,47.61,44.02,17,44.02,44.02,,,,,24,0.6406,65,0.0754,37.7,0.1676,
8d455c7539795d2a,2026-08-11,"We Love You, Charlie Freeman",Fiction,50.27,49.75,16,49.75,49.75,,,,,16,0.7656,65,0.0103,37.7,0.3196,
709822d0b5bcb7f4,2026-08-11,Thirst,Fiction,17.27,17.2,16,17.2,17.2,,,,,56,0.1406,65,0.0041,37.7,-0.5438,
d01ac97e2b8947c2,2026-08-11,The Murder That Never Was (Forensic Instincts #5),Fiction,54.11,54.31,16,54.31,54.31,,,,,7,0.9063,65,-0.0037,37.7,0.4406,
b8736690cf263a3c,2026-08-11,Tuesday Nights in 1980,Fiction,21.04,20.84,15,20.84,20.84,,,,,54,0.1719,65,0.0095,37.7,-0.4472,
fd3a622648667296,2026-08-11,The Vacationers,Fiction,42.15,39.32,15,39.32,39.32,,,,,32,0.5156,65,0.0671,37.7,0.043,
0651062381f0636a,2026-08-11,The Regional Office Is Under Attack!,Fiction,51.36,47.28,15,47.28,47.28,,,,,18,0.7344,65,0.0794,37.7,0.2541,
edb3097e71330040,2026-08-11,Finders Keepers (Bill Hodges Trilogy #2),Fiction,53.53,54.26,15,54.26,54.26,,,,,8,0.8906,65,-0.0136,37.7,0.4393,
e9906e2f0d189745,2026-08-11,The Time Keeper,Fiction,27.88,28.92,14,28.92,28.92,,,,,37,0.4375,65,-0.0373,37.7,-0.2329,
081305e6df719dff,2026-08-11,The Testament of Mary,Fiction,52.67,53.27,14,53.27,53.27,,,,,11,0.8438,65,-0.0114,37.7,0.413,
a86972014275e072,2026-08-11,The First Hostage (J.B. Collins #2),Fiction,25.85,26.84,14,26.84,26.84,,,,,42,0.3594,65,-0.0383,37.7,-0.2881,
2c04320e110a14a3,2026-08-11,Take Me with You,Fiction,45.21,46.94,14,46.94,46.94,,,,,19,0.7188,65,-0.0383,37.7,0.2451,
fe44cc816576c652,2026-08-11,Still Life with Bread Crumbs,Fiction,26.41,26.76,14,26.76,26.76,,,,,43,0.3438,65,-0.0133,37.7,-0.2902,
830fb3967c74866d,2026-08-11,Shtum,Fiction,55.84,53.56,14,53.56,53.56,,,,,10,0.8594,65,0.0408,37.7,0.4207,
727bf2b86b19ad88,2026-08-11,My Name Is Lucy Barton,Fiction,41.56,41.29,14,41.29,41.29,,,,,28,0.5781,65,0.0065,37.7,0.0952,
cc82685d9f49bc2c,2026-08-11,My Mrs. Brown,Fiction,24.48,23.44,14,23.44,23.44,,,,,48,0.2656,65,0.0425,37.7,-0.3782,
caa2e5b3fb1b2d4c,2026-08-11,Mr. Mercedes (Bill Hodges Trilogy #1),Fiction,28.9,28.24,14,28.24,28.24,,,,,38,0.4219,65,0.0228,37.7,-0.2509,
aeff7b87a8e83ebb,2026-08-11,I Am Pilgrim (Pilgrim #1),Fiction,10.6,10.62,14,10.62,10.62,,,,,64,0.0156,65,-0.0019,37.7,-0.7183,
9eaf58b03a2779cc,2026-08-11,Eligible (The Austen Project #4),Fiction,27.09,27.17,14,27.17,27.17,,,,,41,0.375,65,-0.003,37.7,-0.2793,
1d6dd0c87d90fe92,2026-08-11,Eight Hundred Grapes,Fiction,14.39,14.8,14,14.8,14.8,,,,,60,0.0781,65,-0.0285,37.7,-0.6074,
94a958ea126cdcd5,2026-08-11,Dear Mr. Knightley,Fiction,11.21,10.44,14,10.44,10.44,,,,,65,0.0,65,0.0687,37.7,-0.7231,
28cf0d1c51b491e5,2026-08-11,Cometh the Hour (The Clifton Chronicles #6),Fiction,25.01,24.77,14,24.77,24.77,,,,,45,0.3125,65,0.0096,37.7,-0.343,
9b65f676984c9f0c,2026-08-11,Balloon Animals,Fiction,17.03,16.21,14,16.21,16.21,,,,,58,0.1094,65,0.0482,37.7,-0.57,
8682c03de6a844ff,2026-08-11,A Man Called Ove,Fiction,39.72,40.48,14,40.48,40.48,,,,,29,0.5625,65,-0.0191,37.7,0.0737,
ce1ae197ada2aec4,2026-08-11,The Silent Sister (Riley MacPherson #1),Fiction,46.29,46.49,12,46.49,46.49,,,,,20,0.7031,65,-0.0043,37.7,0.2332,
c6ca293d4810e0d5,2026-08-11,The Dinner Party,Fiction,56.54,57.25,12,57.25,57.25,,,,,5,0.9375,65,-0.0126,37.7,0.5186,
437d8dea9272d0a9,2026-08-11,The Improbability of Love,Fiction,59.45,56.93,11,56.93,56.93,,,,,6,0.9219,65,0.0424,37.7,0.5101,
47e1b2d43f709995,2026-08-11,Mothering Sunday,Fiction,13.34,13.57,11,13.57,13.57,,,,,61,0.0625,65,-0.0172,37.7,-0.6401,
469508882dfc1991,2026-08-11,Lies and Other Acts of Love,Fiction,45.14,44.51,11,44.51,44.51,,,,,23,0.6563,65,0.014,37.7,0.1806,
f608c903c451f387,2026-08-11,Daredevils,Fiction,16.34,16.77,11,16.77,16.77,,,,,57,0.125,65,-0.0263,37.7,-0.5552,
a9d7b75461084a26,2026-08-11,11/22/63,Fiction,48.48,46.11,11,46.11,46.11,,,,,21,0.6875,65,0.0489,37.7,0.2231,
903a9f8090104c2c,2026-08-11,The Shack,Fiction,28.03,27.49,9,27.49,27.49,,,,,39,0.4063,65,0.0193,37.7,-0.2708,
4f283dfcbeccc0d4,2026-08-11,The High Mountains of Portugal,Fiction,51.15,52.13,8,52.13,52.13,,,,,13,0.8125,65,-0.0192,37.7,0.3828,
bff270fe9c86a5a9,2026-08-11,Miller's Valley,Fiction,58.54,59.73,8,59.73,59.73,,,,,2,0.9844,65,-0.0203,37.7,0.5844,
0bfdef63285d3019,2026-08-11,Hystopia: A Novel,Fiction,21.96,22.95,8,22.95,22.95,,,,,50,0.2344,65,-0.0451,37.7,-0.3912,
d250657f0ebc5d73,2026-08-11,The Bourne Identity (Jason Bourne #1),Fiction,42.78,43.29,7,43.29,43.29,,,,,26,0.6094,65,-0.0119,37.7,0.1483,
7ffebdd1d5148aef,2026-08-11,Sister Dear,Fiction,40.2,37.7,7,37.7,37.7,,,,,33,0.5,65,0.0622,37.7,0.0,
dac4b5847454fd9b,2026-08-11,Memoirs of a Geisha,Fiction,49.67,50.69,7,50.69,50.69,,,,,14,0.7969,65,-0.0205,37.7,0.3446,
7a2b51f69e81c722,2026-08-11,Me Before You (Me Before You #1),Fiction,19.02,18.76,6,18.76,18.76,,,,,55,0.1563,65,0.0137,37.7,-0.5024,
4e3b183180e2a992,2026-08-11,Deception Point,Fiction,40.32,39.96,6,39.96,39.96,,,,,31,0.5313,65,0.0089,37.7,0.0599,
dfd9ff1f343cdaff,2026-08-11,The Little Paris Bookshop,Fiction,24.73,23.29,5,23.29,23.29,,,,,49,0.25,65,0.0582,37.7,-0.3822,
ad84f18659e6bfe2,2026-08-11,The Firm,Fiction,45.56,45.36,5,45.36,45.36,,,,,22,0.6719,65,0.0044,37.7,0.2032,
fe7210553d56c097,2026-08-11,The Expatriates,Fiction,44.58,41.93,5,41.93,41.93,,,,,27,0.5938,65,0.0594,37.7,0.1122,
84bb29c53592ac40,2026-08-11,Siddhartha,Fiction,34.22,32.95,5,32.95,32.95,,,,,35,0.4688,65,0.0371,37.7,-0.126,
07e6810fd3236bda,2026-08-11,Last One Home (New Beginnings #1),Fiction,59.98,63.06,5,63.06,63.06,,,,,1,1.0,65,-0.0514,37.7,0.6727,
94bb629a3f6dd00b,2026-08-11,Digital Fortress,Fiction,58.0,59.24,5,59.24,59.24,,,,,3,0.9688,65,-0.0214,37.7,0.5714,
78a4ac98191ac675,2026-08-11,Atlas Shrugged,Fiction,26.58,24.37,4,24.37,24.37,,,,,46,0.2969,65,0.0831,37.7,-0.3536,
57f755143ee96fd4,2026-08-11,Three-Martini Lunch,Fiction,23.21,24.12,3,24.12,24.12,,,,,47,0.2813,65,-0.0392,37.7,-0.3602,
29d6d87f3418638b,2026-08-11,The Nightingale,Fiction,26.26,25.78,3,25.78,25.78,,,,,44,0.3281,65,0.0183,37.7,-0.3162,
554e9e2d532b3a87,2026-08-11,The Infinities,Fiction,27.41,27.32,3,27.32,27.32,,,,,40,0.3906,65,0.0033,37.7,-0.2753,
ff6bb30dd0c482a6,2026-08-11,The Husband's Secret,Fiction,52.51,50.06,3,50.06,50.06,,,,,15,0.7813,65,0.0467,37.7,0.3279,
dabf11918b48b40c,2026-08-11,The Da Vinci Code (Robert Langdon #2),Fiction,22.96,22.41,3,22.41,22.41,,,,,52,0.2031,65,0.024,37.7,-0.4056,
2858ac90c4758e1f,2026-08-11,The Art of Fielding,Fiction,22.1,22.67,3,22.67,22.67,,,,,51,0.2188,65,-0.0258,37.7,-0.3987,
4ef75307fb64e2ad,2026-08-11,Lila (Gilead #3),Fiction,12.47,12.41,3,12.41,12.41,,,,,62,0.0469,65,0.0048,37.7,-0.6708,
a0dd11f6abc421ec,2026-08-11,Jurassic Park (Jurassic Park #1),Fiction,44.97,43.78,3,43.78,43.78,,,,,25,0.625,65,0.0265,37.7,0.1613,
6c4646d90b60a56c,2026-08-11,Inferno (Robert Langdon #4),Fiction,41.0,40.26,3,40.26,40.26,,,,,30,0.5469,65,0.018,37.7,0.0679,
c9782ad2a0ed9331,2026-08-11,Crazy Rich Asians (Crazy Rich Asians #1),Fiction,49.13,48.89,3,48.89,48.89,,,,,17,0.75,65,0.0049,37.7,0.2968,
d3f9c4539c0caa64,2026-08-11,Big Little Lies,Fiction,22.11,21.87,3,21.87,21.87,,,,,53,0.1875,65,0.0109,37.7,-0.4199,
f3c76b53b239f511,2026-08-11,The Course of Love,Fiction,16.78,15.78,2,15.78,15.78,,,,,59,0.0938,65,0.0596,37.7,-0.5814,
c5f91eb481427dc5,2026-08-11,When I'm Gone,Fiction,51.96,53.71,1,53.71,53.71,,,,,9,0.875,65,-0.0337,37.7,0.4247,
b78deb463531d078,2026-08-11,The Silent Wife,Fiction,12.34,11.87,1,11.87,11.87,,,,,63,0.0313,65,0.0381,37.7,-0.6851,
dfb0849016bc122c,2026-08-11,The Bette Davis Club,Fiction,30.66,29.82,1,29.82,29.82,,,,,36,0.4531,65,0.0274,37.7,-0.209,
06f6a57a6d532844,2026-08-11,Kitchens of the Great Midwest,Fiction,57.2,58.13,1,58.13,58.13,,,,,4,0.9531,65,-0.0163,37.7,0.5419,
230ac636ea0ea415,2026-08-11,Bright Lines,Fiction,39.07,36.46,1,36.46,36.46,,,,,34,0.4844,65,0.0668,37.7,-0.0329,
4c28def39d850cdf,2026-08-11,Worlds Elsewhere: Journeys Around Shakespeare’s Globe,Nonfiction,40.3,40.23,18,40.23,40.23,,,,,38,0.6606,110,0.0017,32.84,0.225,
3c039985229453bf,2026-08-11,The Five Love Languages: How to Express Heartfelt Commitment to Your Mate,Nonfiction,31.05,30.95,18,30.95,30.95,,,,,62,0.4404,110,0.0032,32.84,-0.0576,
c8f7f0cb1abb9cac,2026-08-11,Reasons to Stay Alive,Nonfiction,26.41,24.66,17,24.66,24.66,,,,,79,0.2844,110,0.0663,32.84,-0.2491,
c27f6e1f185b0383,2026-08-11,#HigherSelfie: Wake Up Your Life. Free Your Soul. Find Your Tribe.,Nonfiction,23.11,23.18,17,23.18,23.18,,,,,81,0.2661,110,-0.003,32.84,-0.2942,
d170b5a0da46380e,2026-08-11,"Unseen City: The Majesty of Pigeons, the Discreet Charm of Snails & Other Wonders of the Urban Wilderness",Nonfiction,44.18,41.59,16,41.59,41.59,,,,,33,0.7064,110,0.0586,32.84,0.2664,
7858914fad68493c,2026-08-11,Throwing Rocks at the Google Bus: How Growth Became the Enemy of Prosperity,Nonfiction,31.12,32.72,16,32.72,32.72,,,,,56,0.4954,110,-0.0514,32.84,-0.0037,
0da9aa9d24677fc0,2026-08-11,The Life-Changing Magic of Tidying Up: The Japanese Art of Decluttering and Organizing,Nonfiction,16.77,16.66,16,16.66,16.66,,,,,97,0.1193,110,0.0066,32.84,-0.4927,
acd86a5426e21ca0,2026-08-11,The Gutsy Girl: Escapades for Your Life of Epic Adventure,Nonfiction,37.13,37.74,16,37.74,37.74,,,,,45,0.5963,110,-0.0164,32.84,0.1492,
a30b270e25489e5c,2026-08-11,The Electric Pencil: Drawings from Inside State Hospital No. 3,Nonfiction,56.06,57.9,16,57.9,57.9,,,,,8,0.9358,110,-0.0328,32.84,0.7631,
87b0615b6e1f4d7b,2026-08-11,Spark Joy: An Illustrated Master Class on the Art of Organizing and Tidying Up,Nonfiction,41.83,40.48,16,40.48,40.48,,,,,37,0.6697,110,0.0323,32.84,0.2326,
d7310206583a54b6,2026-08-11,Reskilling America: Learning to Labor in the Twenty-First Century,Nonfiction,19.83,20.13,16,20.13,20.13,,,,,90,0.1835,110,-0.0151,32.84,-0.387,
b136b1b180ca753a,2026-08-11,In the Country We Love: My Family Divided,Nonfiction,22.0,21.04,16,21.04,21.04,,,,,86,0.2202,110,0.0436,32.84,-0.3593,
311c0dd0e354a33e,2026-08-11,Everydata: The Misinformation Hidden in the Little Data You Consume Every Day,Nonfiction,54.35,52.93,16,52.93,52.93,,,,,14,0.8807,110,0.0261,32.84,0.6118,
bee3672891cca906,2026-08-11,Call the Nurse: True Stories of a Country Nurse on a Scottish Isle,Nonfiction,29.14,29.04,16,29.04,29.04,,,,,67,0.3945,110,0.0034,32.84,-0.1157,
38d45839cb1c83c1,2026-08-11,Algorithms to Live By: The Computer Science of Human Decisions,Nonfiction,30.81,29.12,16,29.12,29.12,,,,,66,0.4037,110,0.0549,32.84,-0.1133,
8ec14b1576cb7cb5,2026-08-11,The Power of Now: A Guide to Spiritual Enlightenment,Nonfiction,43.54,43.76,15,43.76,43.76,,,,,29,0.7431,110,-0.0051,32.84,0.3325,
209adad1015af86f,2026-08-11,The Omnivore's Dilemma: A Natural History of Four Meals,Nonfiction,38.21,38.05,15,38.05,38.05,,,,,44,0.6055,110,0.0042,32.84,0.1586,
42d0d7c92b75fc1c,2026-08-11,The Genius of Birds,Nonfiction,17.24,17.45,15,17.45,17.45,,,,,95,0.1376,110,-0.0122,32.84,-0.4686,
dd047728de72ad62,2026-08-11,The Artist's Way: A Spiritual Path to Higher Creativity,Nonfiction,38.49,39.86,15,39.86,39.86,,,,,39,0.6514,110,-0.0356,32.84,0.2138,
1b33663ad7b95fd8,2026-08-11,So You've Been Publicly Shamed,Nonfiction,12.23,12.08,15,12.08,12.08,,,,,109,0.0092,110,0.0123,32.84,-0.6322,
3b9a3b4624b7fd6d,2026-08-11,"Daring Greatly: How the Courage to Be Vulnerable Transforms the Way We Live, Love, Parent, and Lead",Nonfiction,19.43,19.21,15,19.21,19.21,,,,,92,0.1651,110,0.0113,32.84,-0.415,
1f329c2e7d7de8bd,2026-08-11,Big Magic: Creative Living Beyond Fear,Nonfiction,30.8,31.64,15,31.64,31.64,,,,,58,0.4771,110,-0.0273,32.84,-0.0365,
919e7cb2269a25d2,2026-08-11,Becoming Wise: An Inquiry into the Mystery and Art of Living,Nonfiction,27.43,27.41,15,27.41,27.41,,,,,71,0.3578,110,0.0007,32.84,-0.1653,
d195e7f4ed697350,2026-08-11,Agnostic: A Spirited Manifesto,Nonfiction,12.51,12.16,15,12.16,12.16,,,,,108,0.0183,110,0.028,32.84,-0.6297,
44a10f1ac8ce822e,2026-08-11,Whole Lotta Creativity Going On: 60 Fun and Unusual Exercises to Awaken and Strengthen Your Creativity,Nonfiction,38.2,36.79,14,36.79,36.79,,,,,46,0.5872,110,0.0369,32.84,0.1203,
6fd646a334e6e133,2026-08-11,What's It Like in Space?: Stories from Astronauts Who've Been There,Nonfiction,19.6,20.6,14,20.6,20.6,,,,,88,0.2018,110,-0.051,32.84,-0.3727,
34c0d7c4ee5650af,2026-08-11,The Year of Magical Thinking,Nonfiction,43.04,42.39,14,42.39,42.39,,,,,32,0.7156,110,0.0151,32.84,0.2908,
4881cc53f6c8892f,2026-08-11,The Literature Book (Big Ideas Simply Explained),Nonfiction,17.43,17.57,14,17.57,17.57,,,,,93,0.156,110,-0.008,32.84,-0.465,
923831a05c9f91f7,2026-08-11,The Bad-Ass Librarians of Timbuktu: And Their Race to Save the World’s Most Precious Manuscripts,Nonfiction,15.77,15.85,14,15.85,15.85,,,,,99,0.1009,110,-0.0051,32.84,-0.5174,
4c8b7540409da4ac,2026-08-11,Swell: A Year of Waves,Nonfiction,45.58,47.69,14,47.69,47.69,,,,,23,0.7982,110,-0.0463,32.84,0.4522,
132ec5e8c984adef,2026-08-11,No Dream Is Too High: Life Lessons From a Man Who Walked on the Moon,Nonfiction,21.95,22.57,14,22.57,22.57,,,,,83,0.2477,110,-0.0282,32.84,-0.3127,
24af96df0bafb925,2026-08-11,Looking for Lovely: Collecting the Moments that Matter,Nonfiction,29.14,29.47,14,29.47,29.47,,,,,65,0.4128,110,-0.0113,32.84,-0.1026,
1174156c4a0eccaa,2026-08-11,Let It Out: A Journey Through Journaling,Nonfiction,26.79,25.41,14,25.41,25.41,,,,,76,0.3119,110,0.0515,32.84,-0.2262,
afa829857f82f99e,2026-08-11,Hamilton: The Revolution,Nonfiction,58.79,59.12,14,59.12,59.12,,,,,2,0.9908,110,-0.0056,32.84,0.8002,
ac4dde0d1be05de0,2026-08-11,"Far & Away: Places on the Brink of Change: Seven Continents, Twenty-Five Years",Nonfiction,15.06,15.12,14,15.12,15.12,,,,,100,0.0917,110,-0.004,32.84,-0.5396,
a01f6d368ef64dc5,2026-08-11,"Eaternity: More than 150 Deliciously Easy Vegan Recipes for a Long, Healthy, Satisfied, Joyful Life",Nonfiction,51.75,49.5,14,49.5,49.5,,,,,21,0.8165,110,0.0435,32.84,0.5073,
16ef91b9d827859c,2026-08-11,Buying In: The Secret Dialogue Between What We Buy and Who We Are,Nonfiction,37.8,36.74,14,36.74,36.74,,,,,48,0.5688,110,0.028,32.84,0.1188,
a80f66b254fe9eb3,2026-08-11,Brain on Fire: My Month of Madness,Nonfiction,49.32,45.68,14,45.68,45.68,,,,,25,0.7798,110,0.0738,32.84,0.391,
cf1aa2fc02a7d1e0,2026-08-11,Abstract City,Nonfiction,56.37,57.99,14,57.99,57.99,,,,,7,0.945,110,-0.0287,32.84,0.7658,
4be9d1910f8a4e80,2026-08-11,13 Hours: The Inside Account of What Really Happened In Benghazi,Nonfiction,27.06,26.61,13,26.61,26.61,,,,,73,0.3394,110,0.0166,32.84,-0.1897,
582a21a1dbbef3cf,2026-08-11,The Lonely City: Adventures in the Art of Being Alone,Nonfiction,33.26,34.42,12,34.42,34.42,,,,,54,0.5138,110,-0.0349,32.84,0.0481,
54fc03f1e1d355db,2026-08-11,The Diary of a Young Girl,Nonfiction,59.9,60.98,12,60.98,60.98,,,,,1,1.0,110,-0.018,32.84,0.8569,
f40fea200e0c644f,2026-08-11,Snatched: How A Drug Queen Went Undercover for the DEA and Was Kidnapped By Colombian Guerillas,Nonfiction,21.21,22.02,12,22.02,22.02,,,,,84,0.2385,110,-0.0382,32.84,-0.3295,
c6a29d6df8de968c,2026-08-11,Furiously Happy: A Funny Book About Horrible Things,Nonfiction,41.46,40.71,12,40.71,40.71,,,,,35,0.6881,110,0.0181,32.84,0.2396,
985991708c47003e,2026-08-11,"The Sleep Revolution: Transforming Your Life, One Night at a Time",Nonfiction,11.68,12.28,11,12.28,12.28,,,,,107,0.0275,110,-0.0514,32.84,-0.6261,
28b2df9fadc9f07e,2026-08-11,"Mother, Can You Not?",Nonfiction,16.89,17.46,11,17.46,17.46,,,,,94,0.1468,110,-0.0337,32.84,-0.4683,
2b69dec0193511d9,2026-08-11,A Mother's Reckoning: Living in the Aftermath of Tragedy,Nonfiction,19.53,20.23,11,20.23,20.23,,,,,89,0.1927,110,-0.0358,32.84,-0.384,
34669b2e9d407d3a,2026-08-11,"10% Happier: How I Tamed the Voice in My Head, Reduced Stress Without Losing My Edge, and Found Self-Help That Actually Works",Nonfiction,24.57,23.47,10,23.47,23.47,,,,,80,0.2752,110,0.0448,32.84,-0.2853,
7186241e043de5dc,2026-08-11,Chernobyl 01:23:40: The Incredible True Story of the World's Worst Nuclear Disaster,Nonfiction,35.92,34.48,9,34.48,34.48,,,,,53,0.5229,110,0.0401,32.84,0.0499,
e77033ce559947f7,2026-08-11,"Zero to One: Notes on Startups, or How to Build the Future",Nonfiction,34.06,34.67,8,34.67,34.67,,,,,51,0.5413,110,-0.0179,32.84,0.0557,
04f6c929888f4f11,2026-08-11,Why Not Me?,Nonfiction,17.76,16.81,8,16.81,16.81,,,,,96,0.1284,110,0.0535,32.84,-0.4881,
b69c852e7e3956af,2026-08-11,When Breath Becomes Air,Nonfiction,39.36,38.99,8,38.99,38.99,,,,,43,0.6147,110,0.0094,32.84,0.1873,
5a0d2e9284004266,2026-08-11,"The Midnight Assassin: Panic, Scandal, and the Hunt for America's First Serial Killer",Nonfiction,28.45,27.49,8,27.49,27.49,,,,,70,0.367,110,0.0337,32.84,-0.1629,
a2475a245c9907c4,2026-08-11,Smarter Faster Better: The Secrets of Being Productive in Life and Business,Nonfiction,38.89,36.62,8,36.62,36.62,,,,,49,0.5596,110,0.0584,32.84,0.1151,
52fc458ffc756faf,2026-08-11,Rising Strong,Nonfiction,21.82,22.0,8,22.0,22.0,,,,,85,0.2294,110,-0.0082,32.84,-0.3301,
4729afff3bea0f0a,2026-08-11,Man's Search for Meaning,Nonfiction,29.48,30.99,8,30.99,30.99,,,,,61,0.4495,110,-0.0512,32.84,-0.0563,
4d3a4c7b442a9a4e,2026-08-11,"Love That Boy: What Two Presidents, Eight Road Trips, and My Son Taught Me About a Parent's Expectations",Nonfiction,25.06,24.72,8,24.72,24.72,,,,,78,0.2936,110,0.0136,32.84,-0.2473,
044534b0b28b4e87,2026-08-11,Living Forward: A Proven Plan to Stop Drifting and Get the Life You Want,Nonfiction,12.55,12.51,8,12.51,12.51,,,,,106,0.0367,110,0.0032,32.84,-0.6191,
bbf1ea50be8008ab,2026-08-11,I Will Find You,Nonfiction,44.21,44.51,8,44.51,44.51,,,,,28,0.7523,110,-0.0068,32.84,0.3554,
77e9ea355bd8ae57,2026-08-11,Brazen: The Courage to Find the You That's Been Hiding,Nonfiction,19.22,19.87,8,19.87,19.87,,,,,91,0.1743,110,-0.0338,32.84,-0.3949,
04e3de7ac35ec5cd,2026-08-11,Between the World and Me,Nonfiction,56.91,55.14,8,55.14,55.14,,,,,11,0.9083,110,0.0311,32.84,0.679,
15ebd83e53d0391b,2026-08-11,Being Mortal: Medicine and What Matters in the End,Nonfiction,55.06,51.85,8,51.85,51.85,,,,,16,0.8624,110,0.0583,32.84,0.5789,
fef91502cbacf23a,2026-08-11,"A Murder Over a Girl: Justice, Gender, Junior High",Nonfiction,13.2,13.02,8,13.02,13.02,,,,,104,0.055,110,0.0136,32.84,-0.6035,
2e40333991f56f45,2026-08-11,For the Love: Fighting for Grace in a World of Impossible Standards,Nonfiction,45.13,43.49,7,43.49,43.49,,,,,30,0.7339,110,0.0363,32.84,0.3243,
4e78f06160b717ac,2026-08-11,Finding God in the Ruins: How God Redeems Pain,Nonfiction,46.64,46.43,7,46.43,46.43,,,,,24,0.789,110,0.0045,32.84,0.4138,
60376aa71be66083,2026-08-11,The Man Who Mistook His Wife for a Hat and Other Clinical Tales,Nonfiction,59.45,58.87,6,58.87,58.87,,,,,5,0.9633,110,0.0098,32.84,0.7926,
fe0f34ebed689381,2026-08-11,In Cold Blood,Nonfiction,49.98,50.49,6,50.49,50.49,,,,,19,0.8349,110,-0.0102,32.84,0.5375,
384c7d41d5ffe9d1,2026-08-11,"Girl, Interrupted",Nonfiction,42.14,43.33,6,43.33,43.33,,,,,31,0.7248,110,-0.0282,32.84,0.3194,
759ee7d059b1beb8,2026-08-11,Why Save the Bankers?: And Other Essays on Our Economic and Political Crisis,Nonfiction,48.67,49.24,5,49.24,49.24,,,,,22,0.8073,110,-0.0117,32.84,0.4994,
1dba84766a5e87b8,2026-08-11,Talking to Girls About Duran Duran: One Young Man's Quest for True Love and a Cooler Haircut,Nonfiction,25.15,24.83,5,24.83,24.83,,,,,77,0.3028,110,0.0127,32.84,-0.2439,
a4ce39a3720cd679,2026-08-11,My Mother Was Nuts,Nonfiction,31.63,31.38,5,31.38,31.38,,,,,60,0.4587,110,0.0079,32.84,-0.0445,
bcf567421c581f0a,2026-08-11,"Data, A Love Story: How I Gamed Online Dating to Meet My Match",Nonfiction,32.35,32.21,5,32.21,32.21,,,,,57,0.4862,110,0.0043,32.84,-0.0192,
6a57286a8890d8c5,2026-08-11,The Jazz of Physics: The Secret Link Between Music and the Structure of the Universe,Nonfiction,38.71,39.77,4,39.77,39.77,,,,,40,0.6422,110,-0.0274,32.84,0.211,
45033bdf3d9ed158,2026-08-11,The Gunning of America: Business and the Making of American Gun Culture,Nonfiction,16.81,16.26,4,16.26,16.26,,,,,98,0.1101,110,0.0327,32.84,-0.5049,
c65ee14957c0fa5c,2026-08-11,The Geography of Bliss: One Grump's Search for the Happiest Places in the World,Nonfiction,28.23,28.28,4,28.28,28.28,,,,,69,0.3761,110,-0.0018,32.84,-0.1389,
ddbc5530d2939d49,2026-08-11,God Is Not Great: How Religion Poisons Everything,Nonfiction,27.8,26.22,4,26.22,26.22,,,,,74,0.3303,110,0.0568,32.84,-0.2016,
06bab964fd536971,2026-08-11,We the People: The Modern-Day Figures Who Have Reshaped and Affirmed the Founding Fathers' Vision of America,Nonfiction,31.95,32.96,3,32.96,32.96,,,,,55,0.5046,110,-0.0316,32.84,0.0037,
52aa3d79b1cee455,2026-08-11,Very Good Lives: The Fringe Benefits of Failure and the Importance of Imagination,Nonfiction,50.66,52.34,3,52.34,52.34,,,,,15,0.8716,110,-0.0332,32.84,0.5938,
b830685072fa871f,2026-08-11,"Unstuffed: Decluttering Your Home, Mind, and Soul",Nonfiction,58.09,58.94,3,58.94,58.94,,,,,4,0.9725,110,-0.0146,32.84,0.7948,
599a4f98bb193368,2026-08-11,Under the Banner of Heaven: A Story of Violent Faith,Nonfiction,30.0,31.54,3,31.54,31.54,,,,,59,0.4679,110,-0.0513,32.84,-0.0396,
2173a2ce35f6ace1,2026-08-11,"Trespassing Across America: One Man's Epic, Never-Done-Before (and Sort of Illegal) Hike Across the Heartland",Nonfiction,53.51,54.25,3,54.25,54.25,,,,,13,0.8899,110,-0.0138,32.84,0.6519,
0baf71623648413a,2026-08-11,The Name of God is Mercy,Nonfiction,37.25,35.62,3,35.62,35.62,,,,,50,0.5505,110,0.0438,32.84,0.0847,
a11ae5f07572ef49,2026-08-11,Stiff: The Curious Lives of Human Cadavers,Nonfiction,36.74,36.75,3,36.75,36.75,,,,,47,0.578,110,-0.0003,32.84,0.1191,
f08667e4c0458f37,2026-08-11,Spilled Milk: Based on a True Story,Nonfiction,49.51,50.82,3,50.82,50.82,,,,,18,0.844,110,-0.0265,32.84,0.5475,
89cad3f37c9ce226,2026-08-11,"Rise of the Rocket Girls: The Women Who Propelled Us, from Missiles to the Moon to Mars",Nonfiction,41.67,41.58,3,41.58,41.58,,,,,34,0.6972,110,0.0022,32.84,0.2661,
09a7b0b566ad6225,2026-08-11,Outliers: The Story of Success,Nonfiction,14.16,13.88,3,13.88,13.88,,,,,102,0.0734,110,0.0198,32.84,-0.5773,
cb65e49993db9a93,2026-08-11,Notes from a Small Island (Notes From a Small Island #1),Nonfiction,40.17,39.43,3,39.43,39.43,,,,,41,0.633,110,0.0184,32.84,0.2007,
c4d9fce9eff3b8ba,2026-08-11,Night (The Night Trilogy #1),Nonfiction,13.51,12.65,3,12.65,12.65,,,,,105,0.0459,110,0.0637,32.84,-0.6148,
7980fa06f2b704d8,2026-08-11,"Miracles from Heaven: A Little Girl, Her Journey to Heaven, and Her Amazing Story of Healing",Nonfiction,57.83,59.03,3,59.03,59.03,,,,,3,0.9817,110,-0.0208,32.84,0.7975,
1de75f05d57bfc10,2026-08-11,Letter to a Christian Nation,Nonfiction,22.2,22.59,3,22.59,22.59,,,,,82,0.2569,110,-0.0176,32.84,-0.3121,
1246e4ffeb5ac4ea,2026-08-11,Let's Pretend This Never Happened: A Mostly True Memoir,Nonfiction,45.11,44.63,3,44.63,44.63,,,,,26,0.7706,110,0.0106,32.84,0.359,
d4a29356fc992879,2026-08-11,It's Never Too Late to Begin Again: Discovering Creativity and Meaning at Midlife and Beyond,Nonfiction,42.38,44.55,3,44.55,44.55,,,,,27,0.7615,110,-0.0512,32.84,0.3566,
a7c3f1010d64799a,2026-08-11,Into the Wild,Nonfiction,56.7,54.78,3,54.78,54.78,,,,,12,0.8991,110,0.0339,32.84,0.6681,
d8292cd5f1aca291,2026-08-11,"In the Garden of Beasts: Love, Terror, and an American Family in Hitler's Berlin",Nonfiction,28.85,30.05,3,30.05,30.05,,,,,63,0.4312,110,-0.0416,32.84,-0.085,
8010c7c148057fd3,2026-08-11,I Am Malala: The Girl Who Stood Up for Education and Was Shot by the Taliban,Nonfiction,28.88,28.73,3,28.73,28.73,,,,,68,0.3853,110,0.0052,32.84,-0.1252,
c300cc9326592b65,2026-08-11,Gratitude,Nonfiction,26.66,25.79,3,25.79,25.79,,,,,75,0.3211,110,0.0326,32.84,-0.2147,
81372abc86f65c79,2026-08-11,Disrupted: My Misadventure in the Start-Up Bubble,Nonfiction,15.28,14.81,3,14.81,14.81,,,,,101,0.0826,110,0.0308,32.84,-0.549,
fd2337c1b73b686e,2026-08-11,Brave Enough,Nonfiction,51.32,50.3,3,50.3,50.3,,,,,20,0.8257,110,0.0199,32.84,0.5317,
e256de8aa0c2115f,2026-08-11,"Born to Run: A Hidden Tribe, Superathletes, and the Greatest Race the World Has Never Seen",Nonfiction,27.35,26.76,3,26.76,26.76,,,,,72,0.3486,110,0.0216,32.84,-0.1851,
0bbc48294707ba96,2026-08-11,Blink: The Power of Thinking Without Thinking,Nonfiction,21.74,20.89,3,20.89,20.89,,,,,87,0.211,110,0.0391,32.84,-0.3639,
860318b8e244f39c,2026-08-11,Black Flags: The Rise of ISIS,Nonfiction,40.87,39.35,3,39.35,39.35,,,,,42,0.6239,110,0.0372,32.84,0.1982,
da0349a87c8caa2f,2026-08-11,Are We Smart Enough to Know How Smart Animals Are?,Nonfiction,56.58,58.2,3,58.2,58.2,,,,,6,0.9541,110,-0.0286,32.84,0.7722,
bcee4f289ff6699c,2026-08-11,A Walk in the Woods: Rediscovering America on the Appalachian Trail,Nonfiction,30.48,29.97,3,29.97,29.97,,,,,64,0.422,110,0.0167,32.84,-0.0874,
d2185b65af52d68c,2026-08-11,"The Suffragettes (Little Black Classics, #96)",Nonfiction,11.89,11.65,2,11.65,11.65,,,,,110,0.0,110,0.0202,32.84,-0.6452,
fb495f9f9015a772,2026-08-11,Kindle Paperwhite User's Guide,Nonfiction,34.0,34.52,2,34.52,34.52,,,,,52,0.5321,110,-0.0153,32.84,0.0512,
b6d3f4f4ee1f6069,2026-08-11,H is for Hawk,Nonfiction,57.42,57.62,2,57.62,57.62,,,,,9,0.9266,110,-0.0035,32.84,0.7546,
0268f149d014b389,2026-08-11,Travels with Charley: In Search of America,Nonfiction,57.82,57.07,1,57.07,57.07,,,,,10,0.9174,110,0.013,32.84,0.7378,
6514add13c82b115,2026-08-11,The Tumor,Nonfiction,41.56,40.56,1,40.56,40.56,,,,,36,0.6789,110,0.0241,32.84,0.2351,
09659d1639a1f978,2026-08-11,The End of the Jesus Era (An Investigation #1),Nonfiction,14.4,13.81,1,13.81,13.81,,,,,103,0.0642,110,0.041,32.84,-0.5795,
df56868afd166557,2026-08-11,"Eat, Pray, Love",Nonfiction,51.32,51.08,1,51.08,51.08,,,,,17,0.8532,110,0.0047,32.84,0.5554,
f77dbf2323deb740,2026-08-11,The Requiem Red,Young Adult,22.65,23.49,19,23.49,23.49,,,,,42,0.2264,54,-0.0371,37.345,-0.371,
ce6396b0f23f6ecc,2026-08-11,Set Me Free,Young Adult,17.46,16.86,19,16.86,16.86,,,,,45,0.1698,54,0.0344,37.345,-0.5485,
cedf82b5086e4691,2026-08-11,The Natural History of Us (The Fine Art of Pretending #2),Young Adult,45.22,47.05,16,47.05,47.05,,,,,16,0.717,54,-0.0405,37.345,0.2599,
3c346ab1e76ae1f6,2026-08-11,Obsidian (Lux #1),Young Adult,14.86,14.75,16,14.75,14.75,,,,,48,0.1132,54,0.0074,37.345,-0.605,
5ceb951f629700a2,2026-08-11,Burning,Young Adult,28.81,29.59,16,29.59,29.59,,,,,33,0.3962,54,-0.0271,37.345,-0.2077,
842790dfaa937484,2026-08-11,A Fierce and Subtle Poison,Young Adult,28.13,27.42,16,27.42,27.42,,,,,38,0.3019,54,0.0252,37.345,-0.2658,
1c929cfd16b71907,2026-08-11,Scarlett Epstein Hates It Here,Young Adult,43.55,42.51,15,42.51,42.51,,,,,20,0.6415,54,0.0239,37.345,0.1383,
50b8f80311b31ede,2026-08-11,"Nightingale, Sing",Young Adult,38.28,38.17,15,38.17,38.17,,,,,27,0.5094,54,0.0029,37.345,0.0221,
ba54932df84e8cea,2026-08-11,Library of Souls (Miss Peregrine’s Peculiar Children #3),Young Adult,48.56,50.48,15,50.48,50.48,,,,,10,0.8113,54,-0.0395,37.345,0.3517,
116a2fdc9a45bab0,2026-08-11,Frostbite (Vampire Academy #2),Young Adult,29.99,29.22,15,29.22,29.22,,,,,35,0.3585,54,0.0257,37.345,-0.2176,
3fb15ace50d6142b,2026-08-11,Wild Swans,Young Adult,14.36,14.03,14,14.03,14.03,,,,,50,0.0755,54,0.023,37.345,-0.6243,
aba2db9afb1469c7,2026-08-11,Until Friday Night (The Field Party #1),Young Adult,46.31,43.5,14,43.5,43.5,,,,,19,0.6604,54,0.0607,37.345,0.1648,
f0f38174a7e689a3,2026-08-11,This Is Where It Ends,Young Adult,27.12,27.23,14,27.23,27.23,,,,,39,0.283,54,-0.0041,37.345,-0.2709,
6edacfd1f8ebb9eb,2026-08-11,The Darkest Lie,Young Adult,35.35,32.71,14,32.71,32.71,,,,,30,0.4528,54,0.0747,37.345,-0.1241,
137b0b2775701e11,2026-08-11,My Kind of Crazy,Young Adult,40.36,39.85,14,39.85,39.85,,,,,23,0.5849,54,0.0126,37.345,0.0671,
ad2887ce04583910,2026-08-11,Don't Get Caught,Young Adult,55.35,57.41,14,57.41,57.41,,,,,2,0.9811,54,-0.0372,37.345,0.5373,
e2e7b683b4c15b7d,2026-08-11,Catching Jordan (Hundred Oaks),Young Adult,50.83,53.44,14,53.44,53.44,,,,,6,0.9057,54,-0.0513,37.345,0.431,
41164b8ac02a2c42,2026-08-11,Aristotle and Dante Discover the Secrets of the Universe (Aristotle and Dante Discover the Secrets of the Universe #1),Young Adult,58.14,57.63,14,57.63,57.63,,,,,1,1.0,54,0.0088,37.345,0.5432,
f732d7d18a91d2ba,2026-08-11,The Epidemic (The Program 0.6),Young Adult,14.44,14.86,12,14.86,14.86,,,,,47,0.1321,54,-0.0291,37.345,-0.6021,
b63ea3f7a57ae099,2026-08-11,Stars Above (The Lunar Chronicles #4.5),Young Adult,48.05,47.97,12,47.97,47.97,,,,,15,0.7358,54,0.0017,37.345,0.2845,
db84624b151cbe06,2026-08-11,No Love Allowed (Dodge Cove #1),Young Adult,54.65,51.58,12,51.58,51.58,,,,,9,0.8491,54,0.0562,37.345,0.3812,
c65c25d990fc7025,2026-08-11,"Exit, Pursued by a Bear",Young Adult,51.34,50.48,11,50.48,50.48,,,,,10,0.8113,54,0.0168,37.345,0.3517,
e77594ece9b9d1fe,2026-08-11,The Alien Club,Young Adult,54.4,56.94,9,56.94,56.94,,,,,3,0.9623,54,-0.0467,37.345,0.5247,
e845d305f64154f1,2026-08-11,Don't Forget Steven,Young Adult,33.23,32.58,9,32.58,32.58,,,,,32,0.4151,54,0.0196,37.345,-0.1276,
331c26103d885cae,2026-08-11,South of Sunshine,Young Adult,28.93,29.33,8,29.33,29.33,,,,,34,0.3774,54,-0.0138,37.345,-0.2146,
9a7291b89bd5445c,2026-08-11,My Life Next Door (My Life Next Door ),Young Adult,36.39,38.22,8,38.22,38.22,,,,,26,0.5283,54,-0.0503,37.345,0.0234,
df6a7c43faa6732b,2026-08-11,Future Shock (Future Shock #1),Young Adult,55.65,54.28,8,54.28,54.28,,,,,4,0.9434,54,0.0246,37.345,0.4535,
746029796363aa51,2026-08-11,Nightstruck: A Novel,Young Adult,50.35,50.47,7,50.47,50.47,,,,,12,0.7925,54,-0.0024,37.345,0.3515,
2a1b3d967cda1da2,2026-08-11,Tell the Wolves I'm Home,Young Adult,50.96,53.57,6,53.57,53.57,,,,,5,0.9245,54,-0.0512,37.345,0.4345,
e75f3ae1da1cc652,2026-08-11,"Will Grayson, Will Grayson (Will Grayson, Will Grayson)",Young Adult,47.31,48.48,5,48.48,48.48,,,,,14,0.7547,54,-0.0247,37.345,0.2982,
60369d96b7b80869,2026-08-11,Where She Went (If I Stay #2),Young Adult,41.73,40.56,5,40.56,40.56,,,,,22,0.6038,54,0.028,37.345,0.0861,
3a7d54a264d9f33e,2026-08-11,Two Summers,Young Adult,14.64,13.87,5,13.87,13.87,,,,,51,0.0566,54,0.0526,37.345,-0.6286,
c4182bdb53e2459a,2026-08-11,The Darkest Corners,Young Adult,11.33,11.06,5,11.06,11.06,,,,,53,0.0189,54,0.0238,37.345,-0.7038,
50d5a7b861ed1c54,2026-08-11,Tell Me Three Things,Young Adult,41.81,42.03,5,42.03,42.03,,,,,21,0.6226,54,-0.0053,37.345,0.1255,
5e1a88d248599768,2026-08-11,Lola and the Boy Next Door (Anna and the French Kiss #2),Young Adult,23.63,23.13,5,23.13,23.13,,,,,43,0.2075,54,0.0212,37.345,-0.3806,
44f545727e704187,2026-08-11,Kill the Boy Band,Young Adult,15.52,15.88,5,15.88,15.88,,,,,46,0.1509,54,-0.0232,37.345,-0.5748,
45045146dbf7b009,2026-08-11,Isla and the Happily Ever After (Anna and the French Kiss #3),Young Adult,48.13,48.93,5,48.93,48.93,,,,,13,0.7736,54,-0.0166,37.345,0.3102,
f36d24c309e87e5b,2026-08-11,An Abundance of Katherines,Young Adult,10.0,10.1,5,10.1,10.1,,,,,54,0.0,54,-0.01,37.345,-0.7295,
eff24325e0ede639,2026-08-11,Harry Potter and the Prisoner of Azkaban (Harry Potter #3),Young Adult,24.17,23.51,4,23.51,23.51,,,,,41,0.2453,54,0.0273,37.345,-0.3705,
0e4e2d31c2fb3aad,2026-08-11,Walk the Edge (Thunder Road #2),Young Adult,32.36,32.63,3,32.63,32.63,,,,,31,0.434,54,-0.0083,37.345,-0.1263,
61bc8167c9680283,2026-08-11,Two Boys Kissing,Young Adult,32.74,33.29,3,33.29,33.29,,,,,29,0.4717,54,-0.0168,37.345,-0.1086,
3e42ac0f4d43320f,2026-08-11,The New Guy (and Other Senior Year Distractions),Young Adult,44.92,46.59,3,46.59,46.59,,,,,17,0.6981,54,-0.0372,37.345,0.2476,
35e69a79d2b1e804,2026-08-11,"The Land of 10,000 Madonnas",Young Adult,29.64,28.92,3,28.92,28.92,,,,,36,0.3396,54,0.0243,37.345,-0.2256,
510832818edb6fbc,2026-08-11,Scarlet (The Lunar Chronicles #2),Young Adult,14.57,14.25,3,14.25,14.25,,,,,49,0.0943,54,0.022,37.345,-0.6184,
0ce8075fab4a2b5b,2026-08-11,Legend (Legend #1),Young Adult,43.69,43.94,3,43.94,43.94,,,,,18,0.6792,54,-0.0057,37.345,0.1766,
16e843e6b853cc2f,2026-08-11,Lady Renegades (Rebel Belle #3),Young Adult,53.04,52.8,3,52.8,52.8,,,,,7,0.8868,54,0.0045,37.345,0.4138,
984b3b6e7479b571,2026-08-11,Golden (Heart of Dread #3),Young Adult,42.21,39.48,3,39.48,39.48,,,,,24,0.566,54,0.0647,37.345,0.0572,
7e9579921e5407cb,2026-08-11,Cinder (The Lunar Chronicles #1),Young Adult,26.09,27.05,3,27.05,27.05,,,,,40,0.2642,54,-0.0368,37.345,-0.2757,
8e0bc2fe4e7d35b5,2026-08-11,Boy Meets Boy,Young Adult,21.12,21.97,3,21.97,21.97,,,,,44,0.1887,54,-0.0402,37.345,-0.4117,
7bf87402413c27ff,2026-08-11,Annie on My Mind,Young Adult,36.83,36.52,3,36.52,36.52,,,,,28,0.4906,54,0.0084,37.345,-0.0221,
6fa3ea52c8e31e06,2026-08-11,New Moon (Twilight #2),Young Adult,12.86,13.03,2,13.03,13.03,,,,,52,0.0377,54,-0.0132,37.345,-0.6511,
97b8f130d32e9f4e,2026-08-11,Girl Online On Tour (Girl Online #2),Young Adult,53.47,52.08,2,52.08,52.08,,,,,8,0.8679,54,0.026,37.345,0.3946,
fff8a057a40c4a60,2026-08-11,The Haters,Young Adult,27.89,28.02,1,28.02,28.02,,,,,37,0.3208,54,-0.0047,37.345,-0.2497,
5bc1fbccfbf2355c,2026-08-11,The Art of Not Breathing,Young Adult,40.83,39.39,1,39.39,39.39,,,,,25,0.5472,54,0.0353,37.345,0.0548,
